Workbook

Sheet Read Me
A1: Section | B1: Details
A2: Purpose | B2: Manuscript-aligned reporting workbook, NOT independently reproduced experimental data.
A3: Evidence status | B3: All numerical benchmark values are illustrative manuscript-reported values. No raw graph, prediction, training logs, or run outputs were supplied.
A4: Source | B4: Graph-Based Machine Learning for Attack-Path Vulnerability Prioritization (uploaded manuscript), Tables 1–8.
A5: Interpretation | B5: Calculated counts are arithmetic transformations of illustrative percentages, not observed experimental records.
A6: Required to claim actual experiments | B6: Supply raw node/edge data or deterministic generator, vulnerability records, model code, prediction outputs, remediation logs, run seeds, and repeated-trial outputs.
A7: How to use | B7: Model Results and Remediation Budgets hold manuscript inputs; derived sheets use formulas. Validation Gaps records missing evidence.

Sheet Experimental Config
A1: Parameter | B1: Manuscript value | C1: Source
A2: Initial viable attack paths | B2: 1250 | C2: Table 1
A3: Designated critical assets | B3: 100 | C3: Table 1
A4: Initially reachable critical assets | B4: 80 | C4: Table 1
A5: Graph representation | B5: Directed heterogeneous | C5: Methodology / Table 1
A6: Node types | B6: Assets; vulnerabilities; identities; privileges; critical resources | C6: Table 1
A7: Edge types | B7: Reachability; vulnerability associations; authentication; privilege transitions | C7: Table 1
A8: Data environment | B8: Public vulnerability information + simulated topology | C8: Table 1
A9: Remediation budgets | B9: 10, 20, 30, 50 | C9: Table 1
A10: Observation period | B10: Not specified | C10: Methodology
A11: Number of vulnerability records | B11: Not specified | C11: Methodology

Sheet Model Results
A1: Model | B1: Precision | C1: Recall | D1: F1 | E1: ROC-AUC
A2: GNN | B2: 0.92 | C2: 0.9 | D2: 0.91 | E2: 0.96
A3: XGBoost | B3: 0.88 | C3: 0.85 | D3: 0.86 | E3: 0.92
A4: Random Forest | B4: 0.85 | C4: 0.82 | D4: 0.83 | E4: 0.89
A5: CVSS

Sheet Remediation Budgets
A1: Remediations | B1: GNN eliminated % | C1: XGBoost eliminated % | D1: RF eliminated % | E1: CVSS eliminated %
A2: 10 | B2: 0.38 | C2: 0.3 | D2: 0.26 | E2: 0.18
A3: 20 | B3: 0.56 | C3: 0.46 | D3: 0.4 | E3: 0.28
A4: 30 | B4: 0.72 | C4: 0.6 | D4: 0.54 | E4: 0.38
A5: 50 | B5: 0.86 | C5: 0.76 | D5: 0.68 | E5: 0.54

Sheet Attack Path Counts
A1: Budget | B1: Model | C1: Eliminated % | D1: Eliminated paths | E1: Remaining paths | F1: Residual exposure %
A2: 10 | B2: GNN | C2: ='Remediation Budgets'!B2 -> 0.38 | D2: =ROUND(C2*'Experimental Config'!$B$2,0) -> 475 | E2: ='Experimental Config'!$B$2-D2 -> 775 | F2: =E2/'Experimental Config'!$B$2 -> 0.62
A3: 10 | B3: XGBoost | C3: ='Remediation Budgets'!C2 -> 0.3 | D3: =ROUND(C3*'Experimental Config'!$B$2,0) -> 375 | E3: ='Experimental Config'!$B$2-D3 -> 875 | F3: =E3/'Experimental Config'!$B$2 -> 0.7
A4: 10 | B4: Random Forest | C4: ='Remediation Budgets'!D2 -> 0.26 | D4: =ROUND(C4*'Experimental Config'!$B$2,0) -> 325 | E4: ='Experimental Config'!$B$2-D4 -> 925 | F4: =E4/'Experimental Config'!$B$2 -> 0.74
A5: 10 | B5: CVSS | C5: ='Remediation Budgets'!E2 -> 0.18 | D5: =ROUND(C5*'Experimental Config'!$B$2,0) -> 225 | E5: ='Experimental Config'!$B$2-D5 -> 1025 | F5: =E5/'Experimental Config'!$B$2 -> 0.82
A6: 20 | B6: GNN | C6: ='Remediation Budgets'!B3 -> 0.56 | D6: =ROUND(C6*'Experimental Config'!$B$2,0) -> 700 | E6: ='Experimental Config'!$B$2-D6 -> 550 | F6: =E6/'Experimental Config'!$B$2 -> 0.44
A7: 20 | B7: XGBoost | C7: ='Remediation Budgets'!C3 -> 0.46 | D7: =ROUND(C7*'Experimental Config'!$B$2,0) -> 575 | E7: ='Experimental Config'!$B$2-D7 -> 675 | F7: =E7/'Experimental Config'!$B$2 -> 0.54
A8: 20 | B8: Random Forest | C8: ='Remediation Budgets'!D3 -> 0.4 | D8: =ROUND(C8*'Experimental Config'!$B$2,0) -> 500 | E8: ='Experimental Config'!$B$2-D8 -> 750 | F8: =E8/'Experimental Config'!$B$2 -> 0.6
A9: 20 | B9: CVSS | C9: ='Remediation Budgets'!E3 -> 0.28 | D9: =ROUND(C9*'Experimental Config'!$B$2,0) -> 350 | E9: ='Experimental Config'!$B$2-D9 -> 900 | F9: =E9/'Experimental Config'!$B$2 -> 0.72
A10: 30 | B10: GNN | C10: ='Remediation Budgets'!B4 -> 0.72 | D10: =ROUND(C10*'Experimental Config'!$B$2,0) -> 900 | E10: ='Experimental Config'!$B$2-D10 -> 350 | F10: =E10/'Experimental Config'!$B$2 -> 0.28
A11: 30 | B11: XGBoost | C11: ='Remediation Budgets'!C4 -> 0.6 | D11: =ROUND(C11*'Experimental Config'!$B$2,0) -> 750 | E11: ='Experimental Config'!$B$2-D11 -> 500 | F11: =E11/'Experimental Config'!$B$2 -> 0.4
A12: 30 | B12: Random Forest | C12: ='Remediation Budgets'!D4 -> 0.54 | D12: =ROUND(C12*'Experimental Config'!$B$2,0) -> 675 | E12: ='Experimental Config'!$B$2-D12 -> 575 | F12: =E12/'Experimental Config'!$B$2 -> 0.46
A13: 30 | B13: CVSS | C13: ='Remediation Budgets'!E4 -> 0.38 | D13: =ROUND(C13*'Experimental Config'!$B$2,0) -> 475 | E13: ='Experimental Config'!$B$2-D13 -> 775 | F13: =E13/'Experimental Config'!$B$2 -> 0.62
A14: 50 | B14: GNN | C14: ='Remediation Budgets'!B5 -> 0.86 | D14: =ROUND(C14*'Experimental Config'!$B$2,0) -> 1075 | E14: ='Experimental Config'!$B$2-D14 -> 175 | F14: =E14/'Experimental Config'!$B$2 -> 0.14
A15: 50 | B15: XGBoost | C15: ='Remediation Budgets'!C5 -> 0.76 | D15: =ROUND(C15*'Experimental Config'!$B$2,0) -> 950 | E15: ='Experimental Config'!$B$2-D15 -> 300 | F15: =E15/'Experimental Config'!$B$2 -> 0.24
A16: 50 | B16: Random Forest | C16: ='Remediation Budgets'!D5 -> 0.68 | D16: =ROUND(C16*'Experimental Config'!$B$2,0) -> 850 | E16: ='Experimental Config'!$B$2-D16 -> 400 | F16: =E16/'Experimental Config'!$B$2 -> 0.32
A17: 50 | B17: CVSS | C17: ='Remediation Budgets'!E5 -> 0.54 | D17: =ROUND(C17*'Experimental Config'!$B$2,0) -> 675 | E17: ='Experimental Config'!$B$2-D17 -> 575 | F17: =E17/'Experimental Config'!$B$2 -> 0.46

Sheet Critical Reachability
A1: Model | B1: Initially reachable | C1: Remaining at budget 30 | D1: Reduction %
A2: GNN | B2: 80 | C2: 20 | D2: =(B2-C2)/B2 -> 0.75
A3: XGBoost | B3: 80 | C3: 29 | D3: =(B3-C3)/B3 -> 0.6375
A4: Random Forest | B4: 80 | C4: 35 | D4: =(B4-C4)/B4 -> 0.5625
A5: CVSS | B5: 80 | C5: 47 | D5: =(B5-C5)/B5 -> 0.4125

Sheet Remediation Efficiency
A1: Model | B1: Budget | C1: Eliminated paths | D1: Paths per remediation
A2: GNN | B2: 30 | C2: ='Attack Path Counts'!D10 -> 900 | D2: =C2/B2 -> 30
A3: XGBoost | B3: 30 | C3: ='Attack Path Counts'!D11 -> 750 | D3: =C3/B3 -> 25
A4: Random Forest | B4: 30 | C4: ='Attack Path Counts'!D12 -> 675 | D4: =C4/B4 -> 22.5
A5: CVSS | B5: 30 | C5: ='Attack Path Counts'!D13 -> 475 | D5: =C5/B5 -> 15.833333

Sheet Validation Gaps
A1: Required evidence | B1: Why it matters
A2: Raw graph nodes and typed edges | B2: Cannot independently enumerate the 1,250 paths or recompute reachability
A3: Source vulnerability records and extraction dates | B3: Cannot verify input population or provenance
A4: Label rules and ground-truth records | B4: Cannot reconstruct predictive labels or evaluate leakage
A5: GNN architecture, RF/XGBoost configurations and seeds | B5: Cannot rerun model training
A6: Train/validation/test splits | B6: Cannot reproduce predictive scores
A7: Predictions, probabilities and reference labels | B7: Cannot recompute precision, recall, F1, ROC-AUC
A8: Remediation ranking and graph updates per budget | B8: Cannot verify path elimination as observed simulation results
A9: Independent repeated trials, confidence intervals and tests | B9: Cannot establish statistical significance
A10: Feature-equivalent RF/XGBoost comparisons | B10: Cannot isolate GNN architecture advantage
A11: Study observation period and vulnerability record count | B11: Cannot audit dataset coverage
